Date,Open,High,Low,Close,Volume,Adj Close,mom_6m,mom_12m
2012-10-29,9.487143,12.135714,9.364286,10.985714,199628800,10.985714,0.6272735417127768,0.7393912072263895
2012-11-05,10.652857000000001,11.475714,10.642857000000001,11.128571,155873200,11.128571,0.7682110879614221,0.7331053875991668
2012-11-12,11.285714,11.871429,11.048571,11.557143,121976400,11.557143,0.8884331416201044,0.8324365240041559
2012-11-19,11.715714,12.08,11.45,11.85,57894200,11.85,0.8991986979153861,1.0895708962849606
2012-11-26,11.8,11.938571000000001,11.332857,11.672857,69963600,11.672857,1.0991995283926133,1.158655924554408
2012-12-03,11.692857,12.825714,10.642857000000001,12.282857,263197200,12.282857,1.1093704274263134,1.0988855497634022
2012-12-10,12.285714,13.527142999999999,12.057143,13.328570999999998,141852900,13.328570999999998,1.2851469812666243,1.1586937559231716
2012-12-17,13.281429000000001,13.971429,13.015714,13.048571,126725900,13.048571,1.2637111451270446,1.142247316589367
2012-12-24,13.08,13.271429000000001,12.648571,12.761429,48381200,12.761429,1.2419821036740715,1.1792466794463343
2012-12-31,12.768571000000001,13.988570999999999,12.715714,13.711429,83183800,13.711429,1.267020238629142,0.9964074630693954
2013-01-07,13.77,14.56,13.507143,14.47,146457500,14.47,1.3622426428811272,0.988556894629716
2013-01-14,14.427143,14.928571,13.678571,14.167143,120776600,14.167143,1.1153986902492663,0.9112130780782237
2013-01-21,14.235714000000002,24.668571,13.798570999999999,24.222857,407259300,24.222857,1.0521791451353575,0.7216253410044524
2013-01-28,24.644285,25.321428,22.375713,23.542856,302668800,23.542856,1.173062902886217,0.7591553085839743
2013-02-04,23.254285999999997,26.982857,23.254285999999997,25.852857999999998,253960700,25.852857999999998,1.7191106562939964,0.8173161871528618
2013-02-11,25.568571,27.142857,24.971429999999998,27.072857,163285500,27.072857,1.8395473362060846,0.8138695300932814
2013-02-18,27.285713,28.231428,25.49,25.694285999999998,145000100,25.694285999999998,2.830717729233468,1.518402438723171
2013-02-25,25.855715,27.447144,25.064285,27.052856,164418800,27.052856,2.5875334111544803,1.4317983144390545
2013-03-04,26.954287,27.154284999999998,25.165714,26.385714,149795100,26.385714,2.865263056282264,1.6582974821657397
2013-03-11,26.285713,27.884287,25.572857,26.407142999999998,145184200,26.407142999999998,3.1733084899718884,1.7234448793584558
2013-03-18,25.911428,26.771428999999998,25.607143,25.9,82072200,25.9,3.1743733926885667,1.4964639420983612
2013-03-25,26.061428,28.151428000000003,25.681429,27.040001,121905700,27.040001,3.1290482898877614,1.646122977687752
2013-04-01,27.278570000000002,27.357143,23.218571,23.522858,197558900,23.522858,3.1960545954996475,1.6714932089960195
2013-04-08,23.690001000000002,25.377144,22.714287,24.742857,166354300,24.742857,3.395481219094889,1.7745032079515983
2013-04-15,25.08,26.049999,23.114286,23.338572,147070700,23.338572,2.723858390070106,1.7086042994633377
2013-04-22,23.674286,32.042858,23.674286,30.792856,297693900,30.792856,2.9423288612241922,2.260329655621329
2013-04-29,30.944285999999998,31.392857,30.027143,30.492857,97978300,30.492857,2.534010612136024,2.2512990090386915
2013-05-06,29.947144,31.392857,29.145714,31.098571999999997,121387000,31.098571999999997,2.4892211312393115,2.238304400033853
2013-05-13,31.024286,35.549999,31.02,34.142857,164117100,34.142857,2.124447441468074,2.3351916257566008
2013-05-20,34.062859,34.521427,31.65,32.677143,76032600,32.677143,2.7670089897436068,3.0696379456443164
2013-05-27,33.107143,33.708572,29.987143,32.32143,123131400,32.32143,2.638442476657077,3.3907863841214785
2013-06-03,32.435715,32.57143,30.571428000000004,31.459999,118742400,31.459999,2.6243520675105483,3.3164229564502823
2013-06-10,31.861428999999998,31.904284999999998,29.392857,30.57,78141700,30.57,2.92497860635147,3.6327710827180524
2013-06-17,32.220001,33.697144,30.6,30.985714,120195600,30.985714,2.6603861788833005,3.3707631312143906
2013-06-24,30.428571999999996,31.297144,29.651428000000003,30.155714,95557000,30.155714,2.4249733898705275,3.303402159533633
2013-07-01,30.517143,32.495712,30.285713,32.157143,60830700,32.157143,2.410991900952219,2.689217208523694
2013-07-08,32.425713,36.775715000000005,32.215714,36.751431,137762100,36.751431,2.395499751634398,2.5204948808466416
2013-07-15,37.057144,38.615715,36.018570000000004,37.797142,112087500,37.797142,2.2598457097360165,2.650941168337895
2013-07-22,38.121429,38.392857,34.272858,35.187141,195013700,35.187141,2.084016171389081,3.582654408123984
2013-07-29,35.151428,35.810001,34.544284999999995,35.168571,65245600,35.168571,2.2698396564501397,4.175477493637788
2013-08-05,34.844288,36.799999,34.482857,36.107143,86827300,36.107143,1.5172211519062344,4.294824813869003
2013-08-12,35.897144,37.684284000000005,35.774284,36.981429999999996,95128600,36.981429999999996,1.6054612065757867,4.154184512327234
2013-08-19,36.857143,39.77,36.82143,39.765713,99143100,39.765713,1.3610542014349052,3.8997783209691925
2013-08-26,39.444286,41.46143,39.148571000000004,40.558571,107720900,40.558571,1.2990343427736497,4.122236708688675
2013-09-02,41.061428,42.704285,40.650002,41.648571000000004,76442100,41.648571000000004,1.4052596363253684,4.46081879937046
2013-09-09,41.82143,44.882858,41.468571000000004,43.664288,117440400,43.664288,1.3670065001639753,4.277429351603541
2013-09-16,44.285713,45.127144,42.528572,44.832855,94236800,44.832855,1.5070925501580135,4.816750070775802
2013-09-23,45.77,45.77,42.78857,44.628571,86209900,44.628571,1.5358939435439876,5.215099039825195
2013-09-30,43.959998999999996,47.785713,43.599998,46.751431,114233000,46.751431,1.6080529343629346,4.3801084769413325
2013-10-07,46.291428,46.709998999999996,40.400002,42.978573,135157400,42.978573,1.6148034905767938,4.751282915529669
2013-10-14,44.372856,48.068569000000004,43.714287,47.642857,136078600,47.642857,1.9059272049340263,4.829639763261573
2013-10-21,48.988571,55.594288,45.285713,46.861427,362188400,46.861427,1.8036951432084014,4.489796064788069
2013-10-28,46.43,47.642857,44.171428999999996,47.03857,127348200,47.03857,2.0031830139393274,4.255657028755709
2013-11-04,47.278572,49.195713,46.450001,47.842857,99397900,47.842857,1.3957319515929278,3.86200285733002
2013-11-11,47.535713,49.984287,46.945713,49.965714,81272100,49.965714,1.5624268004798632,4.122373237053483
2013-11-18,50.0,50.085712,47.748569,49.692856,86978500,49.692856,1.5068674857482203,3.954550801687764
2013-11-25,49.557144,52.542857999999995,49.287144,52.257141,53888800,52.257141,1.3776987086933001,4.0297392489259485
2013-12-02,52.125713,52.664288,50.285713,50.634285,70340900,50.634285,1.4641077097835635,3.8950919155046746
2013-12-09,50.738571,53.85714300000001,50.474284999999995,52.709998999999996,85048600,52.709998999999996,1.545900475319316,3.748767516037541
2013-12-16,52.854286,54.265713,52.035713,53.667145,84907900,53.667145,1.5795568207106427,3.808298701827196
2013-12-23,54.098572,54.851429,52.258571999999994,52.5,47419400,52.5,1.7094256133464178,4.0949286322088225
2013-12-30,52.517143000000004,52.791428,51.291428,51.871429,48734700,51.871429,1.6341170966723566,3.6928525101213006
2014-01-06,51.889998999999996,52.044284999999995,47.218571000000004,47.448570000000004,104915300,47.448570000000004,1.7479274077211369,3.6427089841050444
2014-01-13,47.304287,49.810001,45.581429,47.148571000000004,124961900,47.148571000000004,1.6689027691297078,3.7881416881300627
2014-01-20,47.46143,56.51857,45.75,55.154284999999994,200309200,55.154284999999994,1.4285158039152273,2.167374393532522
2014-01-27,55.34143100000001,58.914288,52.937141000000004,58.475716000000006,147089600,58.475716000000006,1.3723637887753524,2.2032768241881953
2014-02-03,58.842856999999995,61.5,56.715714,61.425713,100747500,61.425713,1.3484633491536016,1.835331706846493
2014-02-10,61.347141,62.784286,60.611427,62.215714,73838800,62.215714,1.3406450606139215,1.7415439752073454
2014-02-17,62.422855000000006,63.034286,61.138573,61.74714300000001,56987700,61.74714300000001,1.5275172837684774,2.146558382669205
2014-02-24,62.209998999999996,65.398567,61.214287,63.66143,85810200,63.66143,1.5812183574296617,2.1615357727849513
2014-03-03,63.027142000000005,65.428574,62.585712,64.052856,60167800,64.052856,1.5446903466813233,2.3279913137844215
2014-03-10,64.067146,64.111427,60.42856999999999,60.64143000000001,64401400,60.64143000000001,1.533972042555444,2.3560183697267063
2014-03-17,61.169998,61.742858999999996,57.962856,57.998568999999996,77180600,57.998568999999996,1.4825753085261917,2.3840595752895757
2014-03-24,57.92714300000001,58.064285,50.82143,51.267143,153364400,51.267143,1.4579747641825742,2.354342738374899
2014-03-31,51.644287,53.007141000000004,47.982857,48.187141,124600000,48.187141,1.4287034809627894,2.7230048321509233
2014-04-07,48.644287,51.068569000000004,46.23,46.672855,138641300,46.672855,1.358802861960335,2.450866122695532
2014-04-14,47.555714,49.96143,44.585712,49.39143,97024200,49.39143,1.240573128125212,2.4850950178100013
2014-04-21,49.900002,54.41143,46.0,46.011429,216590500,46.011429,1.192853541228556,1.6649038010634674
2014-04-28,45.435715,49.384285,42.785713,48.664288,157070900,48.664288,1.0114242519083185,1.5802763578368533
2014-05-05,48.295715,49.674285999999995,44.908569,46.935715,107871400,46.935715,0.9959759654779612,1.5008037989654317
2014-05-12,47.265713,50.628571,47.217144,49.982857,104561800,49.982857,1.0500198028979197,1.4466109265548575
2014-05-19,49.57143,57.495712,49.507141,57.478573,149506000,57.478573,0.961719928222514,1.4080615615630778
2014-05-26,57.42856999999999,60.248568999999996,56.164288,59.689999,98702100,59.689999,0.973953619475947,1.5056353632868347
2014-06-02,59.925713,62.127143999999994,58.92856999999999,61.447143999999994,89707800,61.447143999999994,0.9445163505997723,1.4919172438625952
2014-06-09,61.35714300000001,62.291428,59.601429,61.101429,84926800,61.101429,0.9564789815041739,1.6350296696107296
2014-06-16,60.932857999999996,64.402855,60.48857099999999,62.882858,90819400,62.882858,1.1351710209791646,1.8550023730290675
2014-06-23,62.765713,64.27714499999999,61.904284999999994,63.154284999999994,76617100,63.154284999999994,1.1324226927039025,1.9793926617025217
2014-06-30,63.265713,67.98143,62.812858999999996,67.478569,77253400,67.478569,1.1449676333630194,1.9108396538834311
2014-07-07,67.442856,67.461426,61.171429,62.851429,104098400,62.851429,1.163836742857143,1.6625591803486512
2014-07-14,63.328571,65.099998,62.25,63.452858,69405000,63.452858,1.2122831241067216,1.6636934612675212
2014-07-21,64.52714499999999,65.35714,59.860001000000004,60.265713,139344800,60.265713,1.3310050229121762,1.794811490936419
2014-07-28,60.315716,62.184284,58.93,60.771427,69274100,60.771427,1.4311901202689683,1.9187179655380366
2014-08-04,61.028572,64.424286,60.044284999999995,63.692856000000006,79984100,63.692856000000006,1.139556591115269,1.740692388760861
2014-08-11,64.174286,66.0,63.344288,65.58429,61863200,65.58429,1.0851146824777655,1.7158032558503011
2014-08-18,66.00856800000001,68.507141,65.89286,68.455711,62039600,68.455711,0.9811154003210348,1.5155194878562848
2014-08-25,68.792854,69.328568,67.25856800000001,68.23428299999999,51439500,68.23428299999999,0.9767858165221732,1.4983621341097053
2014-09-01,68.35714,69.657143,67.152855,67.954285,48937700,67.954285,1.0315109801922333,1.5292927097066547
2014-09-08,67.771431,69.898567,67.742859,68.078568,57801800,68.078568,1.0302044738863074,1.5020121248742222
2014-09-15,68.220001,68.220001,63.657143000000005,65.360001,82180000,65.360001,1.0687378405109678,1.5269094729746744
2014-09-22,65.181427,65.278572,62.697143999999994,64.10714,57437100,64.10714,1.1252090031518054,1.5289372137862085
2014-09-29,63.438572,65.800003,62.470001,65.648567,71145900,65.648567,1.1716545109931937,1.4535231017848418
2014-10-06,66.0,66.855713,64.482857,64.58285500000001,75840100,64.58285500000001,1.3279181170676901,1.5840118284057503
2014-10-13,64.464287,64.638573,47.285713,51.012856,268357600,51.012856,1.3563784786484843,1.3718740880715865
2014-10-20,50.857143,55.285713,50.777142,55.00285699999999,119618800,55.00285699999999,1.373542287053149,1.368015105472567
2014-10-27,54.842856999999995,56.25285699999999,53.514286,56.110001000000004,70252700,56.110001000000004,1.3291489434503112,1.395632711623674
2014-11-03,56.175713,56.50285699999999,53.77,54.880001,61912200,54.880001,1.403626368570296,1.349895450432653
2014-11-10,54.714287,56.299999,53.862857999999996,55.148571,56987000,55.148571,1.0482606053950692,1.0209572107785752
2014-11-17,55.054287,55.64285699999999,51.357143,51.468571000000004,74965100,51.468571000000004,1.17187640584574,1.1068564262033962
2014-11-24,51.508571999999994,51.922855,49.142857,49.512856,62730500,49.512856,1.1225849094620581,1.0737288708542245
2014-12-01,49.285713,51.135715000000005,48.234287,50.131428,61839400,50.131428,0.9547905964888864,1.0838506162375947
2014-12-08,49.881428,49.982857,46.98,47.782856,69533100,47.782856,0.9239164336390757,1.0462639356149486
2014-12-15,48.055714,48.92857,45.077145,48.588570000000004,79846900,48.588570000000004,0.8376072124686545,0.9590331477480311
2014-12-22,48.542858,49.484287,47.472858,48.578571000000004,30543800,48.578571000000004,0.8103387565616509,0.943102019047619
2014-12-29,47.970001,50.331429,47.652859,49.848572,37702000,49.848572,0.7972192994154306,0.96645550289351
2015-01-05,49.258571999999994,49.258571999999994,45.661429999999996,47.041428,63232400,47.041428,0.7566051298023564,1.0070452281280553
2015-01-12,47.09,48.25,45.264286,48.191429,82916400,48.191429,0.7200592828220765,1.0305417315829148
2015-01-19,48.57143,62.742858999999996,47.714287,62.494285999999995,167556900,62.494285999999995,0.7729111616539379,0.880776008609304
2015-01-26,62.57143000000001,65.339996,61.957142000000005,63.114284999999995,98757400,63.114284999999995,0.7856001064601377,0.8524662100759911
2015-02-02,62.842856999999995,65.46714,61.955715000000005,63.48,65028600,63.48,0.780567019923916,0.76582632423005
2015-02-09,63.19857,66.629997,62.637142000000004,66.585716,58978500,66.585716,0.7929948559542628,0.7745861278711678
2015-02-16,66.51571700000001,68.714287,65.944283,68.314285,41341300,68.314285,0.9811820339788184,1.0121000416165002
2015-02-23,68.300003,69.5,67.14286,67.844284,44330300,67.844284,0.9623384655075171,0.9914053925587282
2015-03-02,67.714287,68.60714,64.844284,64.87428299999999,59200400,64.87428299999999,0.9273148883078579,0.9910565112038094
2015-03-09,64.989998,65.092857,61.982856999999996,62.628570999999994,78096900,62.628570999999994,0.975839608368128,1.0980235129679494
2015-03-16,61.547142,61.785713,59.299999,61.185715,84950600,61.185715,1.0052976791676933,1.1778615606878162
2015-03-23,60.889998999999996,63.098572,58.57285699999999,59.25285699999999,78096900,59.25285699999999,0.9965586232659888,1.3233482505549412
2015-03-30,59.715714,60.564285,58.702858,59.154284999999994,52025400,59.154284999999994,0.9925685741651074,1.3462986525803635
2015-04-06,58.76857,64.995712,58.464287,64.938568,78857800,64.938568,0.9769359700027173,1.341862866542019
2015-04-13,67.239998,82.14286,67.057144,81.650002,278414500,81.650002,0.9320190492505344,1.238792134586911
2015-04-20,81.785713,82.304283,78.955711,79.771431,82514600,79.771431,0.9174703874580953,1.2877856282185887
2015-04-27,80.292854,81.785713,78.894287,79.575714,53078900,79.575714,1.159595632128497,1.2155584193484963
2015-05-04,79.571426,82.442856,78.900002,82.085716,70637700,82.085716,1.1806399074869878,1.3835640513838983
2015-05-11,82.324287,88.34857199999999,82.185715,87.60714,92897000,87.60714,1.4551773399540662,1.633560122423574
2015-05-18,87.544289,89.785713,87.024284,88.83856999999999,66903900,88.83856999999999,1.4535610340094565,1.3878464066948915
2015-05-25,88.87428299999999,90.205711,87.785713,89.15142800000001,40686100,89.15142800000001,1.4429333808123517,1.3331498631789223
2015-06-01,88.83714300000001,90.540001,87.944283,90.459999,45391500,90.459999,1.5948707027440105,1.3358752035733348
2015-06-08,90.714287,98.970001,88.995712,94.418571,127197000,94.418571,1.76938167331733,1.4337985450389383
2015-06-15,92.85714,96.418571,91.658569,93.871429,73780000,93.871429,1.772113293880238,1.4127629186319743
2015-06-22,95.042854,100.891426,93.08856999999999,93.08856999999999,181435800,93.08856999999999,1.8657618121445065,1.411644958057874
2015-06-29,91.505714,95.238571,91.117142,94.044289,67208400,94.044289,1.861754708977852,1.3405737605372159
2015-07-06,93.47285500000001,98.502853,92.284286,97.228569,84739900,97.228569,1.9436259456870395,1.5022501875017034
2015-07-13,98.09857199999999,117.879997,97.050003,114.769997,172438200,114.769997,1.8831317575155415,1.4793885091826755
2015-07-20,114.699997,114.699997,108.900002,109.339996,63694700,109.339996,1.9788636093275056,1.5446356703686555
2015-07-27,107.790001,115.0,103.879997,114.309998,59732400,114.309998,1.9514733418674928,1.5475083216327963
2015-08-03,114.599998,129.28999299999998,111.779999,123.519997,108822000,123.519997,1.5557993413989881,1.5265223622567652
2015-08-10,126.089996,126.5,118.660004,123.389999,62796000,123.389999,1.818447234251327,1.7499617210158105
2015-08-17,123.139999,126.75,102.75,103.959999,90004700,103.959999,1.7224321991178324,1.597237022342811
2015-08-24,88.75,119.349998,85.5,117.629997,191033500,117.629997,1.7167345320729146,1.6752575534500744
2015-08-31,115.239998,117.0,97.339996,98.790001,146584700,98.790001,1.8081137349238159,1.817692541390142
2015-09-07,102.08000200000001,102.790001,93.550003,97.510002,117409900,97.510002,1.8187235788353224,1.8124646658255208
2015-09-14,96.839996,107.5,93.610001,102.620003,113728000,102.620003,1.602483976585915,1.5905752357623129
2015-09-21,103.300003,105.449997,96.779999,102.239998,85224100,102.239998,1.8782162058272096,1.8348969709146283
2015-09-28,101.57,106.870003,96.849998,106.110001,90413700,106.110001,1.6145925727925219,1.5048310346210605
2015-10-05,107.480003,115.83000200000001,102.599998,113.33000200000001,119404300,113.33000200000001,1.645659077671141,1.5098434716148734
2015-10-12,114.449997,115.41999799999999,98.410004,98.989998,133192900,98.989998,1.7347856203485514,2.0116498280355053
2015-10-19,98.07,103.620003,96.260002,100.040001,91845500,100.040001,1.5744110341330593,1.8588124976853477
2015-10-26,100.050003,110.099998,99.379997,108.379997,62808100,108.379997,1.299571321504683,1.891106738707775
2015-11-02,109.199997,115.68,106.300003,114.059998,66525200,114.059998,1.4206840792413513,2.0650510192228313
2015-11-09,113.360001,115.25,103.269997,103.650002,74747800,103.650002,1.2439724763261313,1.7949694109027776
2015-11-16,102.970001,124.07,101.860001,123.839996,113466300,123.839996,1.2187260570401797,1.9437104830441085
2015-11-23,124.300003,126.389999,120.029999,125.440002,51688500,125.440002,1.237113744382022,2.1889263871185296
2015-11-30,126.029999,132.199997,122.41999799999999,130.929993,97448200,130.929993,1.2839017782478939,2.27521940926957
2015-12-07,131.190002,133.270004,118.599998,118.910004,89310900,118.910004,1.1626286232902516,2.1691880870410927
2015-12-14,119.769997,126.349998,114.660004,118.019997,78853300,118.019997,1.369002845113894,2.548747493494869
2015-12-21,119.510002,119.589996,114.860001,117.33000200000001,34214600,117.33000200000001,1.3285522188214436,2.582208562701443
2015-12-28,117.260002,119.599998,113.849998,114.379997,34006200,114.379997,1.3947800134160095,2.6265545380116406
2016-01-04,109.0,122.18,104.959999,111.389999,123208900,111.389999,1.277385655403236,2.527771988554429
2016-01-11,112.129997,117.779999,101.209999,104.040001,105415400,104.040001,1.2549406056969605,2.448983137644663
2016-01-18,106.57,110.139999,97.050003,100.720001,146581500,100.720001,1.2067441000802965,1.87745167614204
2016-01-25,99.779999,102.68,90.110001,91.839996,112987400,91.839996,0.9966018993622523,1.812267967544907
2016-02-01,91.790001,97.18,81.860001,82.790001,114094900,82.790001,1.0187488849002702,1.754725882167612
2016-02-08,80.57,92.209999,79.949997,87.400002,114963000,87.400002,0.9101566163967566,1.562497292962953
2016-02-15,89.0,94.900002,87.540001,89.230003,66634900,89.230003,0.8154145356723089,1.4743622216056276
2016-02-22,90.75,97.480003,86.699997,94.790001,79913000,94.790001,0.7443066435230298,1.3536880424591111
2016-02-29,94.809998,102.220001,93.339996,101.58000200000001,88550200,101.58000200000001,0.7963640034278955,1.276160555023013
2016-03-07,101.0,101.790001,94.5,97.660004,83067300,97.660004,0.7430077720736489,1.395529238564297
2016-03-14,97.199997,102.410004,96.43,101.120003,62852700,101.120003,0.9032290929929234,1.4583469850765003
2016-03-21,101.150002,102.099998,97.07,98.360001,37633000,98.360001,0.9721054154013863,1.5997541013085668
2016-03-28,98.339996,105.790001,97.82,105.699997,67076000,105.699997,0.9898655138413902,1.7172044594909737
2016-04-04,105.900002,106.440002,102.82,103.809998,49239600,103.809998,0.9552035006886443,1.503882931326727
2016-04-11,104.040001,111.849998,102.209999,111.510002,57889800,111.510002,0.952973348855213,1.2384568343305122
2016-04-18,109.900002,110.699997,93.139999,95.900002,150884400,95.900002,0.867907873150836,1.233022897633615
2016-04-25,95.699997,95.75,88.209999,90.029999,67978100,90.029999,1.0677846159770605,1.3282946729199312
2016-05-02,90.410004,93.25,88.110001,90.839996,51338000,90.839996,1.037684895664885,1.2646536213438155
2016-05-09,90.730003,93.25,85.739998,87.879997,64392000,87.879997,1.0288799140675378,1.2728414830115444
2016-05-16,87.559998,93.279999,86.150002,92.489998,63244200,92.489998,0.8407855837416375,1.0794861060910819
2016-05-23,92.980003,104.0,92.849998,103.300003,77298000,103.300003,0.8685962109291614,1.0098548169077
2016-05-30,102.949997,103.449997,98.529999,99.589996,34335500,99.589996,0.7335271231759407,1.0042007185960726
2016-06-06,100.290001,101.629997,93.279999,93.75,44558400,93.75,0.7005739445061552,0.9307490684221433
2016-06-13,95.019997,97.199997,93.25,94.449997,46237700,94.449997,0.7064080267689314,0.985283797053947
2016-06-20,95.220001,95.879997,87.209999,88.440002,55748400,88.440002,0.8687242412337317,1.1096958842530293
2016-06-27,87.879997,97.0,84.809998,96.66999799999999,62229400,96.66999799999999,0.843840014671412,1.0589690991230738
2016-07-04,95.199997,101.269997,93.18,97.059998,60429500,97.059998,0.7990283678679218,0.9642227687214033
2016-07-11,96.190002,98.699997,94.089996,98.389999,52589400,98.389999,0.8257562465227202,0.8229502436947872
2016-07-18,98.43,99.839996,84.5,85.889999,135323900,85.889999,0.7939671675551412,0.808853166594226
2016-07-25,85.730003,93.099998,85.010002,91.25,55628000,91.25,0.9291618326685713,0.8456827897066361
2016-08-01,91.230003,97.739998,90.5,97.029999,51942200,97.029999,0.9636616067944638,0.7857836816495388
2016-08-08,95.910004,96.83000200000001,92.949997,96.589996,40962500,96.589996,1.0713197221829147,0.79739038655799
2016-08-15,96.83000200000001,97.220001,94.400002,95.870003,36127000,95.870003,1.0374441111554038,0.826183145692412
2016-08-22,95.66999799999999,98.25,94.910004,97.58000200000001,34786800,97.58000200000001,1.0440503193581163,0.7757375017190555
2016-08-29,96.970001,98.849998,96.57,97.379997,27188300,97.379997,1.0874144989101928,0.9821844115580077
2016-09-05,97.760002,100.32,96.5,96.5,28079100,96.5,1.0189892919190917,0.9905650089105731
2016-09-12,95.910004,99.489998,95.33000200000001,99.480003,42726100,99.480003,0.943788158224293,0.934223350198109
2016-09-19,99.900002,100.349998,93.260002,95.940002,50789700,95.940002,0.9991808110104112,0.9544210084980637
2016-09-26,95.379997,99.529999,94.040001,98.550003,39679900,98.550003,0.963014182268171,0.9177268502711635
2016-10-03,98.0,106.970001,98.0,104.82,55677700,104.82,0.9810898639580128,0.8514956171976419
2016-10-10,103.18,104.529999,97.629997,101.470001,41009500,101.470001,0.9411542651226376,1.0049500455591482
2016-10-17,100.5,127.849998,98.379997,127.5,124064600,127.5,0.9241884582253822,0.9590164038482967
2016-10-24,127.41999799999999,129.28999299999998,125.75,126.57,46828500,126.57,0.8837772507617747,0.9093006618186196
2016-10-31,126.849998,126.900002,121.620003,122.029999,28431600,122.029999,1.0930135329924184,0.9189900213745401
2016-11-07,124.260002,125.809998,113.110001,114.779999,49022600,114.779999,1.1270687784857134,0.9789676704492489
2016-11-14,114.75,116.809998,110.68,115.209999,36290700,115.209999,1.403566772504041,1.0295542968202291
2016-11-21,116.199997,119.459999,116.190002,117.410004,20209300,117.410004,1.4402594938641156,1.009008274728822
2016-11-28,117.050003,120.980003,113.949997,120.809998,37666800,120.809998,1.3193858972729138,0.9320247882393151
2016-12-05,120.730003,126.349998,118.400002,122.879997,41032700,122.879997,1.1111325814772726,0.9652678087539212
2016-12-12,122.839996,127.43,122.300003,124.220001,30836600,124.220001,1.1568430929548386,0.9761904925315326
2016-12-19,124.300003,127.739998,122.870003,125.589996,21491000,125.589996,1.252373376,1.000681854586519
2016-12-26,126.239998,129.070007,123.599998,123.800003,17577900,123.800003,1.2790894847778556,1.056216131916842
2017-01-02,124.959999,133.880005,124.309998,131.070007,38124900,131.070007,1.3894164882538107,1.103151073733289
2017-01-09,131.479996,133.929993,128.5,133.699997,33276600,133.699997,1.2849902096822223,1.1939638581895053
2017-01-16,135.03999299999998,143.46000700000002,131.059998,138.600006,61089600,138.600006,1.293941877064535,1.2469221083506543
2017-01-23,138.649994,142.490005,137.029999,142.449997,36788900,142.449997,1.2582579963233864,1.3479966070556013
2017-01-30,141.770004,142.41000400000001,138.800003,140.25,25542500,140.25,1.5260217548727646,1.583162283087785
2017-02-06,140.0,145.300003,139.16000400000001,144.820007,29739700,144.820007,1.4652054465753424,1.5297482144222376
2017-02-13,145.190002,145.949997,140.050003,142.220001,25902900,142.220001,1.4284242752594485,1.5532892675124086
2017-02-20,142.990005,144.490005,141.520004,143.25,15024200,143.25,1.4747903809831402,1.5027956060470977
2017-02-27,143.119995,143.919998,138.259995,139.139999,23459900,139.139999,1.4629184897386516,1.3806851470627062
2017-03-06,141.0,142.83999599999999,139.740005,140.889999,21413800,140.889999,1.484115638776068,1.482899867585506
2017-03-13,140.899994,146.5,140.320007,145.110001,27137700,145.110001,1.4604642162804748,1.4064477529732669
2017-03-20,145.449997,147.699997,140.759995,142.020004,24836900,142.020004,1.4844559585492227,1.4563846944247185
2017-03-27,140.830002,148.28999299999998,140.0,147.809998,21614000,147.809998,1.3986730478888305,1.316367104532652
2017-04-03,146.699997,148.009995,142.71000700000002,143.110001,19938700,143.110001,1.4685219518757147,1.3571910385741457
2017-04-10,143.03999299999998,145.740005,141.21000700000002,142.919998,18501700,142.919998,1.4724504980481838,1.3013182530478298
2017-04-17,144.429993,147.399994,138.66000400000001,142.869995,62503800,142.869995,1.3548941423392484,1.4809176333489544
2017-04-24,143.610001,153.520004,143.399994,152.199997,48834800,152.199997,1.4566866713640814,1.641786067330735
2017-05-01,151.91000400000001,158.58999599999999,151.610001,156.600006,29271600,156.600006,1.1224313803921568,1.5754073899342753
2017-05-08,156.550003,161.100006,155.300003,160.809998,26370000,160.809998,1.1291775144188987,1.626308635399703
2017-05-15,160.25,161.779999,153.0,157.020004,27515600,157.020004,1.170777646240905,1.5447075152926264
2017-05-22,157.860001,164.100006,156.429993,162.429993,23481100,162.429993,1.3260149706047653,1.4733784373655825
2017-05-29,163.600006,165.360001,160.740005,165.179993,18312900,165.179993,1.3592570728170912,1.572447156238464
2017-06-05,165.490005,166.869995,154.5,158.029999,25621500,158.029999,1.3696447706449273,1.7153066453333334
2017-06-12,155.300003,155.679993,147.300003,152.380005,43290400,152.380005,1.2997268984310388,1.6624670088660776
2017-06-19,154.28999299999998,158.190002,151.399994,158.020004,27246400,158.020004,1.3218586992641284,1.8366122718993152
2017-06-26,158.779999,159.970001,148.0,149.41000400000001,31386000,149.41000400000001,1.329737495332978,1.7086996629502362
2017-07-03,149.800003,150.75,144.25,150.179993,19583800,150.179993,1.2583008522430401,1.6281681666632635
2017-07-10,150.33999599999999,161.350006,149.649994,161.119995,30990300,161.119995,1.230856230270043,1.548734694061741
2017-07-17,162.91000400000001,191.5,160.020004,188.53999299999998,93613000,188.53999299999998,1.2056152861882428,1.8397951547304128
2017-07-24,188.690002,190.25,179.380005,184.03999299999998,36074000,184.03999299999998,1.1175019248504547,1.6373699068493153
2017-07-31,184.259995,184.970001,177.809998,180.270004,24886400,180.270004,1.0835496861378202,1.5477686751290185
2017-08-07,181.0,182.270004,167.600006,171.399994,35099700,171.399994,1.1310635197837176,1.6680815992579603
2017-08-14,169.800003,172.449997,165.720001,166.53999299999998,32753000,166.53999299999998,1.3443136755793226,1.9666213320135182
2017-08-21,166.91000400000001,171.240005,164.229996,165.949997,25425000,165.949997,1.2708188378971697,1.8860421113744184
2017-08-28,166.429993,176.479996,164.729996,174.740005,27066900,174.740005,1.2675432620760565,1.8512015768495043
2017-09-04,173.399994,180.389999,172.440002,176.419998,23959000,176.419998,1.1965095567190227,1.7761657409326423
2017-09-11,178.100006,185.330002,178.029999,182.350006,27091700,182.350006,1.1969239197709063,1.6741052269570196
2017-09-18,183.610001,189.949997,182.729996,187.350006,27579100,187.350006,1.177869246773151,1.7297268453256858
2017-09-25,186.46000700000002,186.550003,176.550003,181.350006,28985100,181.350006,1.2041899510427265,1.7731100931574806
2017-10-02,182.110001,198.919998,176.580002,198.020004,55295900,198.020004,1.2422193566478141,1.683075729822553
2017-10-09,199.100006,200.820007,192.100006,199.490005,39490300,199.490005,1.2336784281669497,1.7970829230601861
2017-10-16,201.949997,204.380005,191.16000400000001,194.16000400000001,70234600,194.16000400000001,1.3091328676603111,1.469411811764706
2017-10-23,194.169998,200.649994,191.029999,199.53999299999998,32678800,199.53999299999998,1.2688917473956305,1.432804029390851
2017-10-30,199.619995,201.100006,195.220001,200.009995,23260700,200.009995,1.386015335130375,1.6227157717177396
2017-11-06,200.0,202.479996,189.5,192.020004,29154100,192.020004,1.3107096513280483,1.7380206197771442
2017-11-13,191.119995,197.699997,191.0,193.199997,21845300,193.199997,1.2398467213340976,1.6852704251824533
2017-11-20,193.300003,197.520004,191.899994,195.75,16670700,195.75,1.240843203045124,1.6995144042410557
2017-11-27,195.559998,199.679993,184.320007,186.820007,37243500,186.820007,1.2737867144621904,1.655574855650606
2017-12-04,189.360001,189.720001,178.380005,188.53999299999998,29990400,188.53999299999998,1.1821708568318414,1.562662831119698
2017-12-11,187.850006,192.639999,184.820007,190.119995,29352900,190.119995,1.1696331589019986,1.5553050671767423
2017-12-18,191.199997,191.649994,185.259995,189.940002,27198100,189.940002,1.23868886438454,1.5586432537190302
2017-12-25,189.779999,194.490005,185.220001,191.96000700000002,22342800,191.96000700000002,1.2260139182959076,1.5090468697323052
2018-01-01,196.100006,210.020004,195.419998,209.99000499999997,32621100,209.99000499999997,1.1931400343465375,1.4384678639713506
2018-01-08,210.020004,222.55000299999998,206.91000400000001,221.229996,33516500,221.229996,1.2724716545754189,1.4219895233056736
2018-01-15,224.24000499999997,226.07000699999998,216.32000699999998,220.460007,41413100,220.460007,1.2647490401734138,1.3704184255230119
2018-01-22,222.0,274.600006,221.19999700000002,274.600006,89119200,274.600006,1.1914102095149646,1.347560625080252
2018-01-29,274.200012,286.809998,262.709991,267.429993,60500300,267.429993,1.113769029364502,1.497254937611408
2018-02-05,262.0,272.450012,236.11000099999998,249.47000099999997,59687000,249.47000099999997,1.2020756597181572,1.527620392947502
2018-02-12,252.13999900000002,281.959991,249.0,278.519989,45434200,278.519989,1.2229433744285043,1.5501336341574066
2018-02-19,277.73999,286.640015,274.450012,285.929993,33333400,285.929993,1.60210044114704,1.9169284886561955
2018-02-26,288.75,301.179993,283.230011,301.049988,52616000,301.049988,1.6058004337732863,1.9220209495617435
2018-03-05,302.850006,331.440002,297.600006,331.440002,80484400,331.440002,1.5032841549252933,1.7706721752478682
2018-03-12,333.559998,333.980011,313.27999900000003,318.450012,56738100,318.450012,1.5939108448577646,1.9193714222357423
2018-03-19,315.799988,319.5,300.359985,300.940002,38774200,300.940002,1.6207345892839202,2.013307878797131
2018-03-26,309.359985,322.899994,275.899994,295.350006,62175300,295.350006,1.6509458628698919,2.036736297094057
2018-04-02,291.940002,299.160004,271.22000099999997,288.850006,61114700,288.850006,1.769095230239811,2.315980711928022
2018-04-09,291.769989,317.48999,289.119995,311.649994,57687500,311.649994,1.755996699553459,2.2281697205173487
2018-04-16,315.98999,338.820007,304.0,327.769989,82993000,327.769989,1.519745459655682,2.106390512577536
2018-04-23,329.149994,331.22000099999997,292.619995,311.76001,54122000,311.76001,1.4805253325849583,1.9405388424547736
2018-04-30,311.070007,320.980011,305.730011,320.089996,32167800,320.089996,1.4876905647364942,1.8445082690482144
2018-05-07,321.98999,332.059998,319.339996,326.459991,27378900,326.459991,1.5618422618667729,1.9380013548660076
2018-05-14,327.25,330.5,322.429993,324.179993,21021000,324.179993,1.638768047566823,2.087440967075762
2018-05-21,327.109985,354.359985,325.450012,351.290009,45246800,351.290009,1.6235808952488098,1.9193500180720935
2018-05-28,351.5,359.98999,346.709991,359.929993,29437400,359.929993,1.6567805433247496,1.9378254604962963
2018-06-04,362.679993,369.829987,355.51001,360.570007,37256000,360.570007,1.667739417624521,2.0658102453066522
2018-06-11,361.880005,398.859985,360.910004,391.980011,55132600,391.980011,1.7352530823960413,2.127444430783422
2018-06-18,387.72000099999997,423.209991,386.5,411.089996,68835000,411.089996,1.8632121674047162,2.2230730294121495
2018-06-25,404.690002,411.589996,378.75,391.429993,75695900,391.429993,1.8931727459807688,2.409008656475238
2018-07-02,385.450012,408.649994,380.0,408.25,30501300,408.25,1.8983363335965426,2.400919055842545
2018-07-09,415.950012,419.76998899999995,395.079987,395.799988,58686600,395.799988,2.041987896989397,2.4328452281791595
2018-07-16,398.980011,403.359985,344.0,361.049988,135092100,361.049988,1.9576645850358452,2.180386184696634
2018-07-23,359.149994,367.399994,351.649994,355.209991,48767700,355.209991,1.7693350814868705,2.1268746353408092
2018-07-30,351.929993,352.02999900000003,328.0,343.089996,56116300,343.089996,1.8518097933290913,2.2646585174536304
2018-08-06,342.869995,357.309998,341.73999,345.869995,30712400,345.869995,1.4413691891907678,2.3092182138582804
2018-08-13,339.890015,347.190002,312.959991,316.77999900000003,41576200,316.77999900000003,1.3500729067438593,2.1679476592748506
2018-08-20,314.640015,359.149994,310.929993,358.820007,63370500,358.820007,1.4238585384059868,2.140463979640807
2018-08-27,367.149994,376.809998,360.0,367.679993,53693000,367.679993,1.2318325777328678,1.9634313046975134
2018-09-03,366.47000099999997,368.880005,335.829987,348.679993,42854000,348.679993,1.2096317401721477,1.9604920015926994
2018-09-10,352.269989,374.089996,343.079987,364.559998,35553600,364.559998,1.052250495356273,1.7372086020112334
2018-09-17,364.22000099999997,377.609985,349.570007,361.190002,48061400,361.190002,1.0826092349589111,1.9152388337793806
2018-09-24,359.0,383.200012,354.329987,374.130005,44363100,374.130005,1.154592492211933,2.0274606056533573
2018-10-01,375.850006,386.799988,343.0,351.350006,45411300,351.350006,1.1586362420506664,1.760832168249022
2018-10-08,345.179993,358.72000099999997,315.809998,339.559998,69266500,339.559998,1.2343321164516923,1.8274599672299372
2018-10-15,337.630005,380.0,326.929993,332.670013,99160500,332.670013,1.250441386523634,1.8602698524872299
2018-10-22,333.100006,336.579987,292.299988,299.829987,84006700,299.829987,1.2004813483166632,1.8749625043837703
2018-10-29,305.26001,321.880005,271.209991,309.100006,94270900,309.100006,1.071940744398048,1.7566622408045158
2018-11-05,311.100006,332.049988,298.01001,303.47000099999997,57826400,303.47000099999997,1.0891711159490918,1.7683574155117714
2018-11-12,300.0,303.549988,278.299988,286.209991,59077200,286.209991,1.0393015000693742,1.721894503963165
2018-11-19,283.790009,285.089996,250.0,258.820007,45955700,258.820007,0.9184279705503025,1.5316985287356322
2018-11-26,260.549988,290.809998,253.80000299999998,286.130005,65741000,286.130005,0.9534826722017974,1.6545337459493832
2018-12-03,293.190002,298.72000099999997,263.380005,265.140015,52459000,265.140015,0.8638731339495623,1.6095789342688689
2018-12-10,264.190002,281.769989,260.609985,266.839996,49200100,266.839996,0.795182387037137,1.505417623222639
2018-12-17,266.51001,280.869995,241.289993,246.38999900000002,71963700,246.38999900000002,0.7178079207237001,1.3626408564531867
2018-12-24,242.0,261.910004,231.229996,256.079987,47178300,256.079987,0.7299607045523553,1.4905709239737628
2018-12-31,260.160004,297.799988,256.579987,297.570007,59488100,297.570007,0.6449682978906643,1.2626315952514027
2019-01-07,302.100006,341.089996,301.649994,337.589996,80295400,337.589996,0.6817055431927517,1.2061655328149985
2019-01-14,334.23999,358.850006,329.130005,339.100006,92558500,339.100006,0.603527248009798,1.1176176684054993
2019-01-21,334.890015,340.0,318.600006,338.049988,53706000,338.049988,0.6469934177966676,0.9325563780213465
2019-01-28,334.700012,346.839996,328.149994,339.850006,43905100,339.850006,0.8241795233074485,1.1127024447104552
2019-02-04,342.600006,360.0,338.0,347.570007,40241600,347.570007,0.950395553485431,1.3532288236933145
2019-02-11,350.0,364.399994,344.809998,356.869995,44968700,356.869995,0.9883704274490126,1.2175068913994536
2019-02-18,355.799988,366.709991,353.880005,363.019989,28823400,363.019989,0.9773903284093781,1.182282363781263
2019-02-25,367.01001,371.48999,354.690002,357.320007,29857100,357.320007,1.0728265896610474,1.128882310402218
2019-03-04,359.72000099999997,362.859985,342.47000099999997,349.600006,32686800,349.600006,0.9686472332073724,1.0486664400876995
2019-03-11,352.0,364.0,350.02999900000003,361.459991,30711900,361.459991,0.9705994391704637,1.1206468254113302
2019-03-18,362.47000099999997,379.0,356.799988,361.01001,42858600,361.01001,1.0411265237119585,1.2062869229328974
2019-03-25,359.0,368.380005,349.200012,356.559998,33059300,356.559998,0.9801404678524274,1.2098188581042384
2019-04-01,359.0,373.410004,358.51001,365.48999,26096500,365.48999,0.9679116367124692,1.2103167690430998
2019-04-08,365.109985,370.119995,349.359985,351.140015,36811700,351.140015,0.96613472902287,1.159826722152929
2019-04-15,350.709991,368.76001,342.269989,360.350006,53989800,360.350006,1.0274939628149602,1.1014126433643685
2019-04-22,359.700012,384.799988,359.0,374.850006,40489600,374.850006,1.0500647900227635,1.143700239167942
2019-04-29,373.679993,385.98999,368.350006,385.02999900000003,27477600,385.02999900000003,1.0986562530960673,1.1418350919033409
2019-05-06,377.690002,381.350006,352.75,361.040009,30879700,361.040009,1.171130407980173,1.0755989238509782
2019-05-13,352.290009,364.0,341.390015,354.450012,30886700,354.450012,1.1658039437242844,1.1115738595256246
2019-05-20,351.230011,370.459991,345.399994,354.390015,24338700,354.390015,1.2352127220640832,1.0670670853038693
2019-05-27,354.390015,361.200012,342.920013,343.27999900000003,19407400,343.27999900000003,1.3452709937019636,1.0697357999837485
2019-06-03,343.559998,365.149994,332.649994,360.869995,29248600,360.869995,1.3949462917679314,1.0013034972151746
2019-06-10,363.649994,367.100006,336.160004,339.730011,29020000,339.730011,1.2387726061794884,0.9042553243869367
2019-06-17,342.690002,371.450012,342.059998,369.209991,29801800,369.209991,1.336614599648416,0.8620740432710506
2019-06-24,370.269989,375.0,358.290009,367.320007,22981600,367.320007,1.2864638140678133,0.8769895131669178
2019-07-01,373.5,381.98999,370.309998,380.549988,16148800,380.549988,1.4646292319681369,0.8839436497244336
2019-07-08,378.190002,384.76001,362.679993,373.25,26898200,373.25,1.3266558428870896,0.858337598029437
2019-07-15,372.940002,373.679993,314.230011,315.100006,75037000,315.100006,1.2407500161802263,1.0226007568791278
2019-07-22,312.0,336.0,305.809998,335.77999900000003,60496900,335.77999900000003,1.088065438408311,1.034092554564435
2019-07-29,335.980011,336.399994,311.799988,318.829987,30915100,318.829987,1.1222352735670549,1.1091841570338297
2019-08-05,310.959991,316.640015,296.809998,308.929993,35449000,308.929993,1.1041266476838332,1.0791627067852474
2019-08-12,305.459991,316.429993,288.0,302.799988,35711900,302.799988,0.9271737544121156,0.9946966569691793
2019-08-19,306.25,311.75,290.320007,291.440002,29276600,291.440002,0.9660787531646827,0.935789511313398
2019-08-26,295.23999,299.929993,287.200012,293.75,23795700,293.75,0.8934065387032608,0.86713988541661
2019-09-02,290.820007,293.97000099999997,282.790009,290.170013,22468700,290.170013,0.8509999514103892,0.885998621090944
2019-09-09,294.809998,301.549988,282.660004,294.149994,39552800,294.149994,0.8474196296542668,0.8305902722766637
2019-09-16,294.230011,299.149994,266.0,270.75,50189700,270.75,0.8336384353494547,0.8068883423855127
2019-09-23,268.350006,273.390015,252.27999900000003,263.079987,56472900,263.079987,0.8126763882977024,0.7851548821912854
2019-09-30,264.0,275.480011,257.01001,272.790009,41878000,272.790009,0.803772762422848,0.8258716608645795
2019-10-07,271.98999,287.869995,264.570007,282.929993,39191600,282.929993,0.8249663328750635,0.8662680991063029
2019-10-14,283.929993,308.75,273.359985,275.299988,91063500,275.299988,0.7407863618918812,0.8138695687008014
2019-10-21,272.890015,279.940002,265.799988,276.820007,41110300,276.820007,0.7492167675620792,0.8774305386605643
2019-10-28,278.049988,293.48999,277.350006,286.809998,30634500,286.809998,0.757014026523979,0.8825299375762549
2019-11-04,288.0,298.190002,285.839996,291.570007,23504400,291.570007,0.7547818820096271,0.9323161830417632
2019-11-11,289.160004,296.359985,281.140015,295.02999900000003,31738800,295.02999900000003,0.7150091907513938,0.9618811245481643
2019-11-18,296.0,312.690002,293.27999900000003,310.480011,33104900,310.480011,0.7667294485359931,1.0695464010245546
2019-11-25,308.829987,316.820007,305.25,314.660004,19703500,314.660004,0.8091691022428291,1.0023765176252664
2019-12-02,314.390015,314.390015,298.809998,307.350006,23797000,307.350006,0.8227376468267594,1.0996831504290288
2019-12-09,307.350006,311.48999,292.019989,298.5,30460600,298.5,0.8594441850950949,1.1056438443358396
2019-12-16,300.850006,338.0,298.630005,336.899994,46030600,336.899994,0.8603652708782286,1.260116125898438
2019-12-23,337.76001,337.950012,326.01001,329.089996,16410600,329.089996,0.9262060866327174,1.2287567165488804
2019-12-30,329.079987,329.980011,321.089996,325.899994,16317500,325.899994,0.8324531120285962,1.0328662122187604
2020-01-06,323.119995,343.420013,321.200012,329.049988,26898400,329.049988,0.812642911661493,0.8842086659463689
2020-01-13,331.799988,345.380005,331.51001,339.670013,29729900,339.670013,0.8852976077350448,0.9935122030047973
2020-01-20,340.0,359.850006,323.600006,353.160004,72220300,353.160004,0.881687866041527,0.9734950678359439
2020-01-27,345.950012,352.399994,338.549988,345.089996,32732700,345.089996,1.0342747946504323,0.9589524444498612
2020-02-03,347.23999,375.25,346.27999900000003,366.769989,28574700,366.769989,0.9799570819582972,0.9467157158931726
2020-02-10,365.0,385.369995,362.519989,380.399994,22913500,380.399994,1.0653640712910732,0.9518032273909718
2020-02-17,379.299988,392.950012,376.679993,380.070007,18079800,380.070007,1.1431716311209705,0.9728390025376812
2020-02-24,364.76001,391.559998,356.799988,369.02999900000003,44488000,369.02999900000003,1.1396631759443796,0.9657729464893915
2020-03-02,373.109985,393.519989,356.850006,368.97000099999997,37744000,368.97000099999997,1.2584751114570745,1.0491132228413063
2020-03-09,343.859985,364.540009,307.320007,336.299988,42575700,336.299988,1.2949787029787234,1.052398615259192
2020-03-16,306.630005,350.48999,290.25,332.829987,54637200,332.829987,1.309818347769795,1.0527963116590588
2020-03-23,347.890015,372.929993,339.170013,357.119995,49033700,357.119995,1.2545640201508896,1.0349730790608767
2020-03-30,363.0,383.01001,357.51001,361.76001,34114300,361.76001,1.3627700867959371,1.0095214946926454
2020-04-06,365.22000099999997,381.329987,361.709991,370.72000099999997,29850500,370.72000099999997,1.2783183997952683,0.9577375794097406
2020-04-13,371.309998,449.51998899999995,367.700012,422.959991,65580100,422.959991,1.2200959566668002,0.9236297529019606
2020-04-20,435.170013,447.0,413.0,424.98999000000003,79529400,424.98999000000003,1.262220350742383,0.9527010518441875
2020-04-27,425.0,429.0,393.600006,415.269989,42325700,415.269989,1.314057485538285,0.9395631793355406
2020-05-04,417.77999900000003,442.0,414.869995,435.549988,31437300,435.549988,1.3392095644300739,1.026811410809598
2020-05-11,436.329987,455.0,427.26998899999995,454.19000199999994,33350300,454.19000199999994,1.474704487114846,1.1932853059121915
2020-05-18,451.160004,458.97000099999997,427.17999299999997,429.32000700000003,32730900,429.32000700000003,1.4575915896589462,1.1992154745104768
2020-05-25,427.76998899999995,428.5,397.859985,419.73001100000005,29237400,419.73001100000005,1.4075517418823567,1.2097121597812635
2020-06-01,418.829987,428.709991,404.25,419.60000599999995,22064600,419.60000599999995,1.4028277910618858,1.2069443124524664
2020-06-08,416.0,445.57000700000003,406.5,418.070007,31469400,418.070007,1.4434309929011502,1.336914571259352
2020-06-15,421.39999400000005,453.97000099999997,415.420013,453.72000099999997,26717500,453.72000099999997,1.3968439844442366,1.1628071218690288
2020-06-22,455.01000999999997,474.01000999999997,442.23999000000003,443.39999400000005,27985900,443.39999400000005,1.406130690117253,1.1426821381934693
2020-06-29,445.23001100000005,492.27999900000003,432.14001500000006,476.89001500000006,25099900,476.89001500000006,1.2454734742441105,1.1026146872457658
2020-07-06,480.76998899999995,555.880005,479.799988,548.72998,46646700,548.72998,1.2703819990930383,1.1200803938379102
2020-07-13,567.97998,575.369995,484.14001500000006,492.98999000000003,93039400,492.98999000000003,1.3922062269200286,1.4399238094587659
2020-07-20,489.14001500000006,506.22000099999997,467.540009,480.450012,43476300,480.450012,1.3475156060482825,1.3205074611963412
2020-07-27,484.51000999999997,497.790009,477.51000999999997,488.880005,32986500,488.880005,1.403980324280201,1.4957501942877163
2020-08-03,490.85998499999994,510.82000700000003,486.67999299999997,494.73001100000005,25425500,494.73001100000005,1.553771587339771,1.7762275998886257
2020-08-10,493.35000599999995,497.459991,466.549988,482.67999299999997,23412000,482.67999299999997,1.4285838352729299,1.6281043908099497
2020-08-17,484.19000199999994,498.94000199999994,479.10000599999995,492.30999800000006,18139000,492.30999800000006,1.3099490863741308,1.6485383224777772
2020-08-24,495.44000199999994,549.039978,483.160004,523.8900150000001,44344000,523.8900150000001,1.285173534992222,1.6642723574468083
2020-08-31,521.159973,557.3900150000001,485.98001100000005,516.049988,37742200,516.049988,1.301681274207991,1.7049660159059925
2020-09-07,498.39999400000005,522.0,476.80999800000006,482.02999900000003,23696200,482.02999900000003,1.3079695263473687,1.6409315072092097
2020-09-14,480.619995,504.660004,458.60000599999995,469.959991,29188000,469.959991,1.3342819109025617,1.8183194755309329
2020-09-21,467.69000199999994,491.82000700000003,466.32000700000003,482.880005,20162800,482.880005,1.557805630965411,1.991371601367762
2020-09-28,489.10998499999994,529.549988,477.880005,503.05999800000006,27174000,503.05999800000006,1.550491266281244,1.8917481248369328
2020-10-05,506.799988,544.280029,501.700012,539.4400019999999,26443600,539.4400019999999,1.3497704014024754,1.7037076694799196
2020-10-12,548.8099980000001,572.48999,530.030029,530.789978,31953100,530.789978,1.2990932607504073,1.707083223701412
2020-10-19,537.070007,541.799988,481.35000599999995,488.27999900000003,46946200,488.27999900000003,1.3025464061756948,1.7443826052645104
2020-10-26,487.02999900000003,513.900024,472.209991,475.73999000000003,34734600,475.73999000000003,1.1893796309448097,1.7539834786373105
2020-11-02,478.869995,518.72998,475.0,514.72998,22844800,514.72998,1.2693004887009218,1.850121717080454
2020-11-09,485.540009,496.51998899999995,463.410004,482.839996,32252700,482.839996,1.2781804417848264,1.7991051072741926
2020-11-16,480.0,494.76000999999997,477.299988,488.23999000000003,17789000,488.23999000000003,1.1210653483016513,1.5726616261940292
2020-11-23,490.459991,493.25,475.839996,491.35998499999994,15371500,491.35998499999994,1.0474470770054514,1.5119175743733861
2020-11-30,490.079987,509.47000099999997,481.26998899999995,498.30999800000006,18104300,498.30999800000006,1.198942447608783,1.674735545637178
2020-12-07,500.01000999999997,521.48999,491.290009,503.22000099999997,18926200,503.22000099999997,1.1503585241609038,1.6175544254606364
2020-12-14,505.44000199999994,536.369995,501.17999299999997,534.450012,20543800,534.450012,1.1635843255922167,1.4492134125713283
2020-12-21,530.049988,532.619995,512.210022,513.969971,9337800,513.969971,1.1753055152794063,1.4930869700457257
2020-12-28,516.429993,545.5,507.130005,540.72998,14182900,540.72998,1.0982764632410378,1.5290273310038787
2021-01-04,539.0,540.799988,499.5,510.39999400000005,19584800,510.39999400000005,1.1349120609144616,1.529311713574656
2021-01-11,507.839996,514.5,485.670013,497.98001100000005,24901900,497.98001100000005,1.120698683531883,1.5734389011254875
2021-01-18,501.0,593.289978,493.540009,565.169983,64306200,565.169983,0.9366537089881621,1.4553459202022208
2021-01-25,567.0,569.75,515.72998,532.3900150000001,31195700,532.3900150000001,1.0968376457298858,1.5669245306085313
2021-02-01,536.789978,559.47998,531.72998,550.789978,18028100,550.789978,1.062337353006456,1.3916078449919196
2021-02-08,555.0,566.650024,543.0,556.52002,15414200,556.52002,1.0186139868821187,1.309095738313813
2021-02-15,557.289978,563.630005,538.22998,540.219971,9991400,540.219971,1.1423806327366706,1.4870154776512003
2021-02-22,534.98999,556.849976,518.280029,538.849976,18468600,538.849976,1.1029875336059352,1.4426740818976076
2021-03-01,545.570007,556.98999,498.790009,516.3900150000001,21550800,516.3900150000001,1.1187869030439637,1.4927771268862589
2021-03-08,514.460022,530.23999,492.85000599999995,518.02002,19919500,518.02002,1.062284075026702,1.6548321137614792
2021-03-15,516.320007,533.419983,501.630005,512.179993,18021500,512.179993,1.0468365149928072,1.6231108737206421
2021-03-22,509.130005,543.119995,496.67999299999997,508.049988,21440900,508.049988,1.1178764332466369,1.5088765220216804
2021-03-29,505.660004,540.5,504.39999400000005,539.419983,13189800,539.419983,1.098795695142483,1.4274380825011588
2021-04-05,540.01001,556.900024,529.22998,555.3099980000001,16185200,555.3099980000001,1.0727717334247462,1.3973349660192735
2021-04-12,551.049988,559.75,538.530029,546.539978,15752900,546.539978,1.018129040345601,1.2109419422604442
2021-04-19,546.900024,563.5599980000001,500.549988,505.549988,54812500,505.549988,0.9418099994742326,1.1954398925960583
2021-04-26,506.76000999999997,514.549988,499.0,513.469971,20884100,513.469971,1.0162587941703751,1.298962114500405
2021-05-03,512.650024,518.950012,491.369995,503.839996,18487300,503.839996,1.1372777896642865,1.2749627213857255
2021-05-10,502.0,503.14999400000005,478.630005,493.369995,19249100,493.369995,1.1488207623664346,1.2033289495438961
2021-05-17,485.589996,505.39999400000005,478.540009,497.89001500000006,15449700,497.89001500000006,0.9821654219557991,1.177559814956399
2021-05-24,501.049988,511.76000999999997,498.540009,502.80999800000006,13741500,502.80999800000006,1.063437112198137,1.2233339469261824
2021-05-31,504.01000999999997,505.410004,487.25,494.73999000000003,11799500,494.73999000000003,1.031951512206118,1.200762604374224
2021-06-07,492.920013,498.82000700000003,482.14001500000006,488.76998899999995,15727800,488.76998899999995,1.004090707549171,1.180113346423342
2021-06-14,489.67999299999997,504.48999000000003,486.27999900000003,500.76998899999995,19433400,500.76998899999995,0.9991571852828849,1.097350819674357
2021-06-21,501.64001500000006,533.0599980000001,492.27999900000003,527.070007,23691700,527.070007,0.9991852410492724,1.133987381154543
2021-06-28,528.119995,538.539978,524.5599980000001,533.97998,12689100,533.97998,0.9256992775593763,1.0374299617072082
2021-07-05,533.0,544.6400150000001,528.580017,535.97998,11543800,535.97998,0.9509699332220325,0.8907295150886416
2021-07-12,540.299988,557.539978,527.049988,530.3099980000001,18347800,530.3099980000001,0.9260999158951756,1.0157812514611095
2021-07-19,526.049988,536.6400150000001,504.660004,515.409973,30871600,515.409973,1.0326606841613717,1.0970340177658275
2021-07-26,514.380005,524.469971,509.01000999999997,517.570007,11677100,517.570007,1.0722919960737136,1.0922516252224306
2021-08-02,519.0,526.840027,505.369995,520.549988,11191900,520.549988,0.948351816483502,1.083378748171394
2021-08-09,521.150024,522.669983,507.200012,515.919983,8865600,515.919983,0.9960930578309212,1.098678225098922
2021-08-16,515.23999,551.3900150000001,512.299988,546.880005,18198300,546.880005,0.9357649804586677,1.0469216044643481
2021-08-23,545.97998,564.169983,543.73999,558.919983,11625200,558.919983,0.9300114791917099,0.9879363839373804
2021-08-30,557.25,598.76001,556.450012,590.530029,19354000,590.530029,0.9635889377366244,1.008720085465829
2021-09-06,594.6900019999999,615.599976,593.669983,598.719971,18150900,598.719971,0.9574464247540396,1.0703067943287903
2021-09-13,598.570007,598.570007,575.369995,589.349976,15252600,589.349976,1.0590444995339423,1.163673537052221
2021-09-20,586.789978,599.320007,568.080017,592.3900150000001,14657300,592.3900150000001,1.0789544060478589,1.157471788462229
2021-09-27,587.950012,619.0,576.929993,613.150024,23860200,613.150024,1.1529736363599037,1.1738759419308866
2021-10-04,613.3900150000001,646.840027,594.679993,632.659973,25939600,632.659973,1.1784666571038283,1.109891681707357
2021-10-11,633.200012,639.419983,621.98999,628.289978,15298700,628.289978,1.0925623717577404,1.1103261184784463
2021-10-18,632.099976,665.460022,617.150024,664.780029,37547300,664.780029,1.066773544747163,1.2132178590423894
2021-10-25,663.73999,690.969971,657.070007,690.3099980000001,15699900,690.3099980000001,1.121875889562099,1.2888343147272525
2021-11-01,689.0599980000001,689.969971,645.01001,645.719971,19482900,645.719971,1.2514291128813162,1.2291104027008493
2021-11-08,650.289978,683.340027,642.1099849999999,682.6099849999999,14775600,682.6099849999999,1.223615816863417,1.3012384707251965
2021-11-15,681.23999,700.98999,671.48999,678.799988,12309000,678.799988,1.319426870192338,1.3615845539403684
2021-11-22,676.02002,679.47998,646.049988,665.6400150000001,9824400,665.6400150000001,1.399173044562631,1.40489665229862
2021-11-29,663.200012,675.380005,594.0,602.130005,20181500,602.130005,1.296912875426915,1.2958198181686893
2021-12-06,606.01001,632.460022,601.0,611.659973,13546300,611.659973,1.3575903178440774,1.3564842089811926
2021-12-13,612.0,612.6400150000001,581.73999,586.72998,15898700,586.72998,1.3720337990062212,1.2700906965271057
2021-12-20,586.429993,616.880005,584.26001,614.090027,9634600,614.090027,1.3618676064008508,1.2950951467162661
2021-12-27,615.0,620.6099849999999,602.049988,602.4400019999999,8852500,602.4400019999999,1.2024083276284354,1.1135502510883528
2022-01-03,605.6099849999999,609.98999,538.219971,541.0599980000001,20704000,541.0599980000001,1.1604909497345008,1.1983933781159095
2022-01-10,538.48999,544.27002,511.880005,525.6900019999999,23687500,525.6900019999999,1.09878647510343,1.1782199426474569
2022-01-17,520.080017,526.6400150000001,379.98999,397.5,80755900,397.5,1.145733142868508,1.0865581072447013
2022-01-24,383.910004,394.799988,351.459991,384.359985,96467100,384.359985,1.1360147918614196,1.131576447766399
2022-01-31,401.97000099999997,458.48001100000005,396.640015,410.170013,74656600,410.170013,1.049766256657203,0.9823345006469962
2022-02-07,410.170013,412.980011,387.649994,391.309998,38801400,391.309998,1.0156886892404489,0.9446021402787987
2022-02-14,387.589996,409.359985,385.700012,391.290009,29343100,391.290009,0.7636154243845646,0.7358113756220241
2022-02-21,388.950012,392.420013,354.72000099999997,390.799988,23222100,390.799988,0.7449992201600766,0.713296839786813
2022-02-28,387.329987,397.75,357.170013,361.730011,25084500,361.730011,0.7500183024610673,0.7943027577711779
2022-03-07,360.410004,367.019989,340.0,340.320007,28285000,340.320007,0.7001181025943028,0.7553955115479899
2022-03-14,338.72000099999997,381.799988,329.820007,380.600006,32494000,380.600006,0.6626081482471063,0.7639697261661683
2022-03-21,378.019989,386.660004,366.429993,373.850006,20301300,373.850006,0.6527258266452581,0.7692156229319702
2022-03-28,375.230011,396.5,366.730011,373.47000099999997,23006300,373.47000099999997,0.6137779345561558,0.6705906759112408
2022-04-04,373.549988,396.019989,353.690002,355.880005,24565300,355.880005,0.5744863998087475,0.6128468931330134
2022-04-11,350.0,359.410004,339.859985,341.130005,15176200,341.130005,0.6207290077509644,0.6963809077476122
2022-04-18,340.0,351.679993,210.05000299999998,215.520004,250416100,215.520004,0.5909177472177459,0.7394916721865297
2022-04-25,213.809998,216.66000400000001,185.600006,190.360001,108523600,190.360001,0.5944229799571942,0.7273453601827087
2022-05-02,191.71000700000002,204.380005,175.809998,180.970001,69806600,180.970001,0.5353349822125899,0.7063353600852283
2022-05-09,177.66000400000001,187.770004,162.71000700000002,187.639999,71379100,187.639999,0.4941692949375477,0.6914283569271373
2022-05-16,193.300003,195.889999,175.71000700000002,186.350006,56565200,186.350006,0.3337669789990126,0.43286669245616416
2022-05-23,186.149994,195.25,177.169998,195.190002,42466400,195.190002,0.27887081229847527,0.3785923147057231
2022-05-30,196.179993,205.470001,190.800003,198.979996,36629600,198.979996,0.2666028347071803,0.36578810012912033
2022-06-06,202.08999599999999,207.380005,180.850006,182.940002,37470200,182.940002,0.281894109085374,0.38390245559859854
2022-06-13,177.070007,183.850006,164.279999,175.509995,54508400,175.509995,0.30948467017517256,0.3721269446919672
2022-06-20,177.600006,191.190002,169.800003,190.850006,46132200,190.850006,0.3191152120722472,0.3703303155324488
2022-06-27,191.770004,192.199997,170.300003,179.949997,34412400,179.949997,0.3391338482482181,0.372635685704921
2022-07-04,176.279999,190.21000700000002,172.679993,186.979996,25257900,186.979996,0.29790420615314767,0.34131872238959376
2022-07-11,184.729996,189.220001,169.699997,189.110001,50977100,189.110001,0.29133190760463484,0.33095735638006957
2022-07-18,192.5,229.350006,188.399994,220.440002,139657400,220.440002,0.3527335354775202,0.370287763135697
2022-07-25,221.309998,230.75,211.63999900000002,224.899994,48989700,224.899994,0.34231200196955625,0.3476824285917325
2022-08-01,223.100006,232.07000699999998,220.88000499999998,226.77999900000003,30969400,226.77999900000003,0.47038992704402516,0.35919700376594765
2022-08-08,227.49000499999997,251.61999500000002,224.649994,249.30000299999998,41296700,249.30000299999998,0.49201271823340303,0.3665490913927248
2022-08-15,248.11000099999998,251.99000499999997,235.67999300000002,241.16000400000001,30076500,241.16000400000001,0.5374356852362097,0.4030866003228624
2022-08-22,232.55000299999998,236.94999700000002,223.149994,223.27999900000003,28450000,223.27999900000003,0.574736130304547,0.4023831690412114
2022-08-29,221.92999300000002,233.88000499999998,218.74000499999997,226.11000099999998,36923500,226.11000099999998,0.5795701239077639,0.38402788658186937
2022-09-05,225.58999599999999,234.77999900000003,214.690002,233.57000699999998,29055300,233.57000699999998,0.6379222381142959,0.416388320208547
2022-09-12,233.61000099999998,242.289993,215.80000299999998,240.13000499999998,60646100,240.13000499999998,0.666685087403489,0.4091965959459037
2022-09-19,245.05000299999998,250.49000499999997,221.42999300000002,226.41000400000001,64341800,226.41000400000001,0.6560883709666827,0.37691384619303553
2022-09-26,225.600006,246.979996,220.72000099999997,235.440002,64419700,235.440002,0.5940882749224129,0.36876782540907144
2022-10-03,237.850006,245.80000299999998,224.27999900000003,224.75,52403900,224.75,0.6247693011940194,0.3691872679923754
2022-10-10,225.63999900000002,238.80000299999998,211.729996,230.0,71024500,230.0,0.6429699958685571,0.3821961409672525
2022-10-17,234.41000400000001,290.75,234.399994,289.570007,135616000,289.570007,0.6361975969962124,0.3405788292716597
2022-10-24,290.230011,305.630005,280.359985,295.72000099999997,68714300,295.72000099999997,0.6901767612028148,0.3410641634658752
2022-10-31,295.130005,299.700012,255.32000699999998,260.790009,42965700,260.790009,1.0428266324642421,0.34806109473730373
2022-11-07,261.059998,290.660004,252.08999599999999,290.130005,42111400,290.130005,1.2082370182378808,0.3369420387250855
2022-11-14,290.0,312.709991,287.0,287.980011,58874000,287.980011,1.6000994938382078,0.4265910608707907
2022-11-21,291.0,291.869995,282.660004,285.049988,7256500,285.049988,1.5759966029417853,0.44426415830785043
